level,layer,kappa,mean_dist,n,verb
A1,0,5036.964027970495,0.14165648871187153,277,take
A1,1,4052.526489452757,0.1728587156810809,277,take
A1,2,3743.7212113640244,0.18567180019816354,277,take
A1,3,2200.7110194624966,0.2941964913442421,277,take
A1,4,1860.4421701726892,0.33728807168223196,277,take
A1,5,1860.5384962299063,0.33727422516742533,277,take
A1,6,1626.3140365454228,0.3748347615170303,277,take
A1,7,1493.9371771519427,0.3998593991164391,277,take
A1,8,1361.2000852919411,0.42837775254407995,277,take
A1,9,1151.6740622996563,0.48211714948595197,277,take
A1,10,1184.3351974904385,0.47292837744597915,277,take
A1,11,1401.0953861758758,0.41940756128028045,277,take
A1,12,1107.664803917274,0.49503405731700934,277,take
A2,0,3835.956248071688,0.181448983787594,400,take
A2,1,3426.544938923461,0.2007341596177945,400,take
A2,2,3168.2432176814796,0.21514406132518793,400,take
A2,3,1975.6588710937704,0.32102277177318295,400,take
A2,4,1638.8129459457257,0.3722126116071428,400,take
A2,5,1597.9854175472867,0.37951000548245617,400,take
A2,6,1349.1322482992905,0.4306835447994988,400,take
A2,7,1256.8834246101387,0.4531387550908521,400,take
A2,8,1160.3799611863558,0.4791018562030075,400,take
A2,9,1014.8618378238274,0.523875509085213,400,take
A2,10,1050.3568218849166,0.5122661145050125,400,take
A2,11,1248.2109107639958,0.45536360432330825,400,take
A2,12,1001.3531703905459,0.5284195841165413,400,take
B1+,0,4207.9734702164205,0.16686667841478697,400,take
B1+,1,3735.570043883916,0.18582848723370926,400,take
B1+,2,3412.862557204973,0.20144922854010028,400,take
B1+,3,2032.4079958264824,0.3137230772243108,400,take
B1+,4,1685.2414627088974,0.36423725328947365,400,take
B1+,5,1613.5760706383037,0.3766909461152882,400,take
B1+,6,1340.340551708391,0.4327323680294486,400,take
B1+,7,1242.2424924413638,0.45690676887531323,400,take
B1+,8,1141.1040020916635,0.48462244478383454,400,take
B1+,9,1005.5994548216764,0.5269835722117795,400,take
B1+,10,1040.1782723971205,0.5155471687030075,400,take
B1+,11,1244.1780884335333,0.45640517308897244,400,take
B1+,12,1010.3540836287995,0.5253839187813283,400,take
A1,0,3057.1568459007235,0.22211605434232007,327,make
A1,1,2801.753611635873,0.23963544011838422,327,make
A1,2,2704.2168092240845,0.2470692681657004,327,make
A1,3,2101.278416771666,0.30546016080842764,327,make
A1,4,1786.319596755071,0.34816566527832493,327,make
A1,5,1615.6866232071634,0.37652311577174913,327,make
A1,6,1391.426395908801,0.4213150169555918,327,make
A1,7,1251.8067214387,0.45469318704151895,327,make
A1,8,1169.4289604562277,0.4768170977092362,327,make
A1,9,1068.7364185724566,0.5067204561124556,327,make
A1,10,1156.2709317132221,0.4805377127070787,327,make
A1,11,1429.6900691072253,0.41296635206187504,327,make
A1,12,1071.137282914735,0.5059675826907563,327,make
A2,0,2824.7216852696793,0.2378156817825815,400,make
A2,1,2651.266698084008,0.25115856046365914,400,make
A2,2,2580.130035804824,0.25706815867794486,400,make
A2,3,2024.2553466664463,0.3147517720081454,400,make
A2,4,1684.5178298188607,0.3643590421365914,400,make
A2,5,1496.622012844505,0.39887575383771934,400,make
A2,6,1290.9366924623448,0.4445972352756892,400,make
A2,7,1137.7826601845475,0.4855854479949875,400,make
A2,8,1078.4576191470437,0.5034026472431078,400,make
A2,9,981.634369985454,0.5351812147556392,400,make
A2,10,1054.0567129636263,0.5110829808897244,400,make
A2,11,1290.758677280518,0.4446411438753133,400,make
A2,12,1011.8668266206233,0.5248768894893483,400,make
B1+,0,2937.6949838945043,0.22985491071428577,400,make
B1+,1,2793.4377943339673,0.24011738330200505,400,make
B1+,2,2639.9746311901017,0.2520785361842105,400,make
B1+,3,2018.0832965073248,0.31553483317669173,400,make
B1+,4,1692.2499284735345,0.36306204965538846,400,make
B1+,5,1499.82431921999,0.3982349428258145,400,make
B1+,6,1291.0781924930152,0.44456228461779446,400,make
B1+,7,1164.6121374031713,0.4779054570018797,400,make
B1+,8,1097.0608917255438,0.49768767622180454,400,make
B1+,9,1002.6365857935054,0.527984805764411,400,make
B1+,10,1057.4040798872059,0.5100167900219299,400,make
B1+,11,1303.7747881745602,0.44145539630325814,400,make
B1+,12,1021.2693050059275,0.5217445958646616,400,make
A1,0,8698.170599660934,0.0845976268796993,400,like
A1,1,6084.047043269223,0.11868499373433583,400,like
A1,2,4809.620683643437,0.1476576206140351,400,like
A1,3,3536.44599627538,0.19516853657581457,400,like
A1,4,3123.6496656560485,0.2178419682017544,400,like
A1,5,3142.1058405824074,0.2167172814849624,400,like
A1,6,2700.679430905509,0.2472090871710526,400,like
A1,7,2763.120220181628,0.24239074248120296,400,like
A1,8,2414.3709167799334,0.27196384515977445,400,like
A1,9,1984.7116151446685,0.31983616267230575,400,like
A1,10,1914.5660674025337,0.329261483787594,400,like
A1,11,2341.207776512593,0.2790935346177945,400,like
A1,12,2031.7890890049655,0.31380081062030074,400,like
A2,0,9029.586780046448,0.08162437343358397,400,like
A2,1,6108.600464204259,0.11823778195488721,400,like
A2,2,4824.524828965089,0.14723762531328322,400,like
A2,3,3457.7098201614185,0.19912417763157897,400,like
A2,4,3087.580299521975,0.2200738173558897,400,like
A2,5,3132.6268096174867,0.21729357573621555,400,like
A2,6,2720.4775760470275,0.24566092966791975,400,like
A2,7,2850.285357838501,0.23596687030075192,400,like
A2,8,2459.327874803623,0.26775826284461157,400,like
A2,9,2042.0870508684582,0.31251037750626565,400,like
A2,10,1943.3357087747768,0.3253308074874687,400,like
A2,11,2363.811355365754,0.27685174851190475,400,like
A2,12,2066.3389764799776,0.3095116208489975,400,like
B1+,0,5364.451636151696,0.13347685620300753,400,like
B1+,1,4497.326400276065,0.15704368342731834,400,like
B1+,2,3786.4394052837274,0.1835831766917293,400,like
B1+,3,2902.99131121669,0.23224349937343358,400,like
B1+,4,2639.5094155814113,0.252116521773183,400,like
B1+,5,2756.415533103108,0.24289909343671678,400,like
B1+,6,2440.0617324433506,0.26954476033834585,400,like
B1+,7,2474.1994365374403,0.26639518718671684,400,like
B1+,8,2163.132922636146,0.2980852032424812,400,like
B1+,9,1822.8983598725285,0.3424269658521303,400,like
B1+,10,1747.717793417586,0.35401384320175444,400,like
B1+,11,2156.944014706804,0.2987908247180451,400,like
B1+,12,1874.9466991799225,0.33482867324561405,400,like
